"purchased_id","user_id","product_id","qty"
1,1,109,1
2,1,14,6
3,2,4,5
4,3,206,1
5,3,293,1
6,3,268,1
7,4,172,8
8,4,288,4
9,4,74,1
10,5,68,5
11,5,261,1
12,6,216,5
13,6,80,3
14,6,180,8
15,7,97,6
16,7,214,9
17,7,144,2
18,8,220,2
19,9,41,1
20,9,220,6
21,9,85,4
22,10,147,8
23,10,87,8
24,11,98,5
25,12,113,10
26,13,63,6
27,13,259,3
28,13,123,3
29,14,167,7
30,14,88,6
31,15,217,2
32,15,23,2
33,15,190,5
34,16,180,3
35,16,231,4
36,17,115,4
37,17,3,4
38,18,180,8
39,18,236,3
40,19,42,4
41,20,193,5
42,21,19,3
43,22,262,4
44,22,100,1
45,23,116,1
46,23,239,1
47,23,229,2
48,24,226,6
49,24,132,10
50,24,235,8
51,25,146,1
52,25,11,10
53,25,271,8
54,26,76,9
55,26,36,8
56,26,138,7
57,27,126,2
58,28,72,7
59,28,300,10
60,29,37,9
61,30,135,8
62,30,186,1
63,31,207,6
64,32,25,2
65,33,105,8
66,34,130,8
67,34,241,4
68,35,268,3
69,35,13,1
70,35,124,6
71,36,178,10
72,36,290,2
73,36,72,6
74,37,159,5
75,37,97,7
76,37,134,4
77,38,228,5
78,39,110,6
79,39,164,7
80,40,274,9
81,40,152,2
82,41,137,7
83,42,78,8
84,43,164,6
85,44,225,8
86,44,260,7
87,45,227,9
88,46,248,9
89,46,200,6
90,46,250,10
91,47,277,6
92,47,223,2
93,48,248,6
94,49,287,4
95,49,85,5
96,49,82,8
97,50,223,3
98,51,110,8
99,51,194,5
100,52,98,10
101,53,42,5
102,53,47,8
103,54,119,3
104,55,46,8
105,56,103,7
106,56,12,6
107,56,14,4
108,57,44,6
109,57,104,1
110,57,49,8
111,58,1,7
112,58,102,1
113,58,53,3
114,59,54,5
115,60,75,2
116,60,107,8
117,60,67,8
118,61,214,6
119,61,240,4
120,61,224,2
121,62,2,4
122,63,61,1
123,63,41,10
124,63,30,4
125,64,119,10
126,64,12,7
127,65,221,2
128,66,232,5
129,67,75,5
130,67,73,2
131,68,158,8
132,68,293,8
133,69,126,7
134,69,41,7
135,69,7,6
136,70,110,9
137,70,71,4
138,71,144,3
139,71,93,9
140,71,3,4
141,72,176,6
142,72,85,5
143,73,196,6
144,73,149,6
145,74,222,4
146,74,100,3
147,74,92,9
148,75,256,5
149,76,210,7
150,77,180,6
151,77,87,8
152,78,250,1
153,79,185,1
154,80,29,7
155,81,24,10
156,82,271,4
157,82,135,1
158,83,85,9
159,84,275,5
160,84,44,3
161,85,138,10
162,85,16,10
163,85,219,5
164,86,126,4
165,87,9,4
166,88,220,10
167,88,77,2
168,89,269,7
169,89,101,8
170,90,113,1
171,90,214,9
172,91,167,4
173,91,18,10
174,91,123,3
175,92,224,1
176,92,46,4
177,92,52,8
178,93,137,3
179,93,190,6
180,93,109,10
181,94,166,8
182,95,154,4
183,95,100,5
184,95,58,8
185,96,94,6
186,97,209,10
187,97,129,2
188,98,216,7
189,98,221,1
190,98,73,6
191,99,162,2
192,100,101,1
193,101,61,4
194,102,275,5
195,103,173,7
196,104,249,2
197,104,163,5
198,104,176,2
199,105,91,3
200,105,131,2
201,106,9,8
202,106,232,3
203,107,38,2
204,107,70,5
205,108,158,6
206,108,71,1
207,108,184,4
208,109,276,6
209,110,142,5
210,110,133,3
211,111,244,2
212,111,256,3
213,111,136,1
214,112,288,4
215,112,122,4
216,112,80,10
217,113,263,3
218,113,198,6
219,113,23,10
220,114,300,6
221,114,293,1
222,115,170,6
223,115,163,4
224,115,39,7
225,116,233,5
226,117,286,10
227,117,157,10
228,118,262,8
229,119,198,9
230,119,255,6
231,119,266,1
232,120,18,6
233,120,67,2
234,120,27,3
235,121,225,4
236,122,293,10
237,122,54,1
238,122,237,6
239,123,171,3
240,123,290,2
241,124,168,3
242,125,156,9
243,125,126,8
244,126,184,8
245,126,126,4
246,126,290,8
247,127,21,6
248,127,263,3
249,127,26,2
250,128,18,1
251,128,251,1
252,129,32,8
253,130,82,5
254,130,60,8
255,131,87,5
256,131,129,4
257,132,73,7
258,132,58,7
259,133,7,8
260,134,160,8
261,135,135,4
262,135,201,6
263,136,9,2
264,137,105,4
265,137,59,2
266,138,1,3
267,138,278,7
268,138,245,3
269,139,216,8
270,139,154,7
271,139,75,2
272,140,120,5
273,141,35,3
274,141,27,3
275,142,203,6
276,142,89,3
277,142,197,9
278,143,3,8
279,143,78,9
280,143,58,8
281,144,85,9
282,144,194,4
283,144,269,9
284,145,271,5
285,145,123,10
286,145,103,8
287,146,158,10
288,146,5,5
289,147,41,8
290,147,249,3
291,148,192,1
292,149,154,4
293,149,137,3
294,150,189,10
295,151,188,8
296,152,54,8
297,152,207,3
298,152,13,5
299,153,6,4
300,153,50,7
301,153,61,10
302,154,84,5
303,154,225,7
304,154,248,2
305,155,25,8
306,155,41,2
307,155,49,1
308,156,273,5
309,156,129,4
310,156,250,10
311,157,192,4
312,157,7,7
313,158,221,4
314,158,20,8
315,159,159,1
316,159,88,4
317,159,89,1
318,160,190,4
319,160,73,6
320,160,116,1
321,161,242,6
322,162,90,3
323,163,40,3
324,163,128,9
325,163,19,8
326,164,3,2
327,165,245,3
328,166,46,2
329,166,162,10
330,166,105,10
331,167,104,1
332,167,231,1
333,167,213,8
334,168,289,5
335,169,87,7
336,169,126,2
337,170,22,1
338,171,141,10
339,172,138,9
340,173,176,7
341,174,195,4
342,174,298,1
343,175,59,3
344,175,48,6
345,176,184,9
346,177,13,4
347,178,200,6
348,178,54,9
349,179,156,2
350,179,186,6
351,180,288,8
352,181,230,10
353,181,240,5
354,182,117,6
355,183,144,4
356,183,9,2
357,183,112,1
358,184,218,7
359,185,121,10
360,185,192,8
361,186,229,5
362,186,86,1
363,187,257,3
364,187,95,6
365,188,78,3
366,188,275,3
367,188,25,6
368,189,292,4
369,189,144,6
370,190,62,2
371,190,123,2
372,191,280,6
373,191,169,9
374,191,266,8
375,192,91,7
376,193,271,5
377,193,234,4
378,194,110,10
379,194,80,5
380,194,56,5
381,195,43,9
382,196,84,2
383,197,178,4
384,198,45,7
385,198,70,10
386,199,239,8
387,200,204,1
388,200,131,5
389,201,247,7
390,201,172,6
391,202,109,9
392,202,14,1
393,203,233,9
394,203,252,2
395,203,293,10
396,204,123,5
397,204,287,4
398,205,261,10
399,206,140,1
400,206,242,6
401,207,91,8
402,207,29,6
403,208,261,9
404,209,68,9
405,209,171,1
406,210,163,2
407,211,134,3
408,212,75,4
409,213,181,10
410,213,230,1
411,214,120,5
412,215,168,3
413,216,279,5
414,217,103,7
415,217,273,2
416,218,284,9
417,219,158,8
418,219,166,5
419,220,259,6
420,220,81,8
421,220,81,8
422,221,281,4
423,222,110,6
424,223,172,3
425,224,278,5
426,224,222,1
427,225,144,9
428,225,12,9
429,225,92,2
430,226,83,3
431,226,59,8
432,227,255,4
433,227,154,1
434,228,281,9
435,228,146,4
436,229,273,10
437,230,177,4
438,230,184,2
439,231,57,3
440,231,44,9
441,231,271,1
442,232,35,4
443,232,44,1
444,232,150,7
445,233,291,6
446,233,62,2
447,234,230,9
448,234,118,8
449,234,155,10
450,235,48,4
451,235,280,9
452,235,98,8
453,236,209,7
454,236,179,1
455,237,186,3
456,237,258,4
457,237,247,5
458,238,239,5
459,238,289,6
460,238,112,8
461,239,26,2
462,240,64,6
463,240,78,1
464,240,135,3
465,241,144,4
466,241,109,7
467,242,38,2
468,243,72,8
469,244,158,3
470,245,102,6
471,245,180,4
472,245,210,6
473,246,45,2
474,246,243,10
475,247,145,5
476,248,294,3
477,248,79,1
478,248,49,3
479,249,204,5
480,250,110,5
481,250,77,4
482,251,190,2
483,251,139,2
484,252,142,8
485,252,171,9
486,252,275,10
487,253,38,9
488,253,85,6
489,253,260,8
490,254,198,8
491,254,136,1
492,254,212,10
493,255,218,5
494,255,245,5
495,255,188,5
496,256,125,9
497,257,135,5
498,257,109,3
499,258,266,2
500,258,60,3
501,259,201,1
502,259,92,9
503,259,250,10
504,260,26,4
505,260,226,2
506,261,101,1
507,261,122,8
508,262,152,10
509,263,230,9
510,264,73,9
511,264,91,5
512,265,237,1
513,265,109,8
514,266,2,7
515,266,85,9
516,267,130,9
517,267,55,3
518,267,1,4
519,268,126,9
520,269,247,3
521,270,167,2
522,270,192,5
523,270,203,7
524,271,193,4
525,271,155,3
526,271,176,9
527,272,19,4
528,273,73,10
529,273,16,7
530,273,233,7
531,274,104,4
532,274,40,9
533,275,102,7
534,275,211,7
535,276,143,6
536,277,28,9
537,277,10,6
538,277,91,5
539,278,74,6
540,278,103,8
541,279,212,10
542,279,45,3
543,280,255,3
544,281,272,5
545,281,46,9
546,281,114,10
547,282,295,3
548,282,249,10
549,282,188,7
550,283,239,7
551,283,251,4
552,283,143,8
553,284,4,6
554,285,2,6
555,285,145,3
556,285,16,3
557,286,114,1
558,287,114,8
559,287,268,2
560,287,169,8
561,288,147,4
562,288,249,4
563,289,181,1
564,289,162,8
565,290,202,6
566,291,160,5
567,291,292,4
568,292,162,6
569,292,182,6
570,292,94,9
571,293,74,5
572,293,21,5
573,293,126,5
574,294,298,3
575,295,140,7
576,296,273,7
577,296,257,3
578,296,72,7
579,297,178,6
580,298,79,7
581,298,31,5
582,299,78,8
583,300,66,10
584,300,126,10
585,301,180,10
586,302,217,4
587,303,154,5
588,303,180,7
589,303,288,2
590,304,287,9
591,304,73,1
592,305,60,9
593,305,73,4
594,305,75,7
595,306,173,2
596,306,278,1
597,306,178,7
598,307,124,9
599,307,18,1
600,308,172,1
601,308,237,5
602,309,38,7
603,309,286,2
604,310,82,3
605,310,68,10
606,310,57,7
607,311,48,9
608,311,148,10
609,312,1,2
610,312,97,3
611,313,69,6
612,313,17,2
613,314,268,6
614,315,12,2
615,315,234,2
616,315,38,10
617,316,12,10
618,316,155,5
619,316,38,2
620,317,90,7
621,317,123,4
622,318,32,4
623,318,208,6
624,319,161,7
625,320,191,7
626,320,287,8
627,320,261,7
628,321,129,6
629,321,183,4
630,321,286,1
631,322,179,5
632,322,233,10
633,323,127,8
634,324,291,9
635,325,118,10
636,325,59,5
637,326,212,8
638,326,198,3
639,326,269,5
640,327,21,7
641,327,235,5
642,328,59,6
643,328,294,3
644,328,118,1
645,329,3,8
646,330,123,6
647,330,289,2
648,330,157,6
649,331,39,6
650,331,219,3
651,332,88,3
652,332,295,9
653,332,192,9
654,333,195,5
655,334,135,5
656,334,182,10
657,334,193,4
658,335,208,10
659,335,271,3
660,335,269,7
661,336,86,6
662,337,230,10
663,338,280,3
664,339,299,4
665,340,109,2
666,341,270,8
667,341,70,5
668,341,127,10
669,342,114,9
670,343,47,10
671,344,110,3
672,344,237,10
673,344,190,4
674,345,169,1
675,345,242,9
676,345,192,3
677,346,267,8
678,346,56,7
679,347,173,4
680,347,61,5
681,348,258,7
682,349,14,10
683,350,231,5
684,351,67,4
685,351,4,10
686,351,256,6
687,352,177,7
688,352,118,1
689,353,164,6
690,354,87,2
691,354,230,2
692,354,196,10
693,355,56,5
694,355,143,8
695,356,257,2
696,356,268,10
697,356,287,2
698,357,295,3
699,357,86,8
700,357,139,5
701,358,244,8
702,358,52,5
703,358,19,6
704,359,37,7
705,359,214,5
706,359,198,8
707,360,289,6
708,360,148,9
709,361,1,2
710,362,255,8
711,362,13,6
712,362,187,5
713,363,242,4
714,364,149,1
715,364,66,4
716,364,72,3
717,365,290,1
718,365,69,6
719,365,238,4
720,366,247,6
721,366,77,5
722,366,20,5
723,367,138,2
724,367,266,4
725,368,71,5
726,368,84,6
727,368,287,6
728,369,278,4
729,370,215,2
730,370,77,6
731,370,51,2
732,371,45,10
733,371,92,10
734,371,159,5
735,372,62,8
736,372,188,8
737,373,45,5
738,374,147,8
739,374,166,4
740,375,222,3
741,375,27,4
742,376,24,10
743,377,254,7
744,377,100,5
745,378,18,2
746,379,93,7
747,379,4,3
748,379,34,5
749,380,185,1
750,381,208,10
751,381,178,6
752,381,293,3
753,382,56,4
754,382,142,9
755,383,227,10
756,383,58,10
757,383,38,7
758,384,258,10
759,384,192,7
760,384,59,3
761,385,12,9
762,385,158,9
763,385,33,5
764,386,100,9
765,386,61,2
766,386,283,6
767,387,237,1
768,387,30,6
769,388,46,1
770,389,103,2
771,389,96,7
772,389,70,9
773,390,280,3
774,390,187,10
775,391,120,8
776,391,198,8
777,391,181,5
778,392,126,5
779,392,243,8
780,393,268,5
781,394,110,2
782,394,282,7
783,395,41,7
784,396,275,5
785,397,167,2
786,397,265,1
787,398,24,1
788,399,153,8
789,400,103,6
790,401,229,3
791,401,283,3
792,401,238,10
793,402,284,10
794,402,60,4
795,402,295,8
796,403,163,7
797,404,84,4
798,405,225,9
799,405,118,4
800,405,63,5
801,406,73,3
802,406,76,7
803,407,60,1
804,407,116,2
805,407,256,2
806,408,274,7
807,408,256,9
808,409,70,3
809,410,166,5
810,410,66,8
811,410,199,9
812,411,126,7
813,412,256,8
814,413,50,6
815,414,45,7
816,414,98,4
817,415,11,3
818,416,258,5
819,416,138,10
820,417,142,2
821,417,254,10
822,417,193,5
823,418,235,2
824,418,292,2
825,418,14,8
826,419,43,4
827,420,132,2
828,420,143,9
829,421,23,7
830,421,203,10
831,421,215,5
832,422,78,10
833,422,53,4
834,423,179,8
835,423,15,2
836,424,196,9
837,425,290,10
838,425,104,5
839,425,53,6
840,426,180,6
841,427,143,2
842,428,111,7
843,428,25,4
844,429,295,10
845,429,254,4
846,430,15,10
847,431,187,9
848,432,46,3
849,432,78,2
850,433,207,10
851,434,164,8
852,434,171,10
853,434,221,4
854,435,12,8
855,435,217,9
856,435,241,1
857,436,102,1
858,437,99,5
859,437,154,2
860,437,106,2
861,438,100,10
862,439,261,10
863,440,174,10
864,441,15,3
865,441,142,8
866,441,28,3
867,442,297,2
868,442,288,7
869,443,292,4
870,443,213,7
871,444,27,5
872,444,64,10
873,444,31,2
874,445,100,9
875,445,152,4
876,446,289,10
877,447,177,3
878,447,29,5
879,447,17,9
880,448,160,5
881,448,198,8
882,448,190,6
883,449,47,8
884,449,189,10
885,450,270,3
886,450,20,10
887,450,116,4
888,451,69,4
889,452,29,10
890,453,127,1
891,454,197,8
892,455,120,1
893,455,204,9
894,456,217,5
895,456,101,4
896,456,164,9
897,457,228,3
898,457,70,9
899,458,273,9
900,458,99,5
901,459,62,7
902,460,135,9
903,460,135,2
904,460,251,3
905,461,202,3
906,461,5,6
907,462,242,2
908,463,57,2
909,463,31,6
910,463,285,2
911,464,289,3
912,465,296,8
913,465,240,3
914,466,188,7
915,466,142,10
916,467,142,2
917,467,93,2
918,468,27,1
919,469,198,9
920,470,148,2
921,470,68,5
922,470,103,3
923,471,65,3
924,471,287,4
925,471,75,5
926,472,226,7
927,472,174,4
928,472,272,10
929,473,70,2
930,474,269,6
931,474,287,10
932,474,271,10
933,475,180,9
934,476,88,3
935,477,197,4
936,478,284,2
937,478,201,4
938,478,297,9
939,479,197,4
940,480,299,4
941,480,19,3
942,480,253,10
943,481,120,7
944,482,31,7
945,482,98,9
946,482,147,5
947,483,155,2
948,484,194,4
949,485,33,7
950,485,109,4
951,485,8,3
952,486,207,8
953,486,94,5
954,486,70,3
955,487,229,1
956,487,123,10
957,487,4,3
958,488,167,6
959,489,29,4
960,489,214,5
961,490,263,3
962,490,270,9
963,491,103,2
964,492,83,7
965,492,222,6
966,493,105,7
967,494,156,9
968,495,26,1
969,495,66,7
970,495,288,7
971,496,36,1
972,497,204,1
973,498,130,7
974,499,180,4
975,499,103,2
976,500,40,5
977,500,188,9
978,500,103,9
979,501,221,7
980,501,20,1
981,501,64,10
982,502,73,6
983,502,89,7
984,503,111,8
985,504,253,6
986,504,247,6
987,504,221,4
988,505,295,10
989,505,36,1
990,505,45,8
991,506,232,8
992,507,15,4
993,507,197,7
994,508,153,1
995,508,16,4
996,509,57,7
997,509,124,2
998,510,83,4
999,510,248,5
1000,510,53,2
1001,511,286,2
1002,512,64,2
1003,513,219,6
1004,514,207,9
1005,514,224,7
1006,515,259,10
1007,515,218,10
1008,516,6,1
1009,516,18,4
1010,516,116,7
1011,517,112,2
1012,517,142,8
1013,517,124,7
1014,518,154,10
1015,518,201,8
1016,518,141,9
1017,519,59,7
1018,520,28,7
1019,520,117,1
1020,521,164,6
1021,522,102,5
1022,522,147,2
1023,523,118,8
1024,524,60,7
1025,524,107,5
1026,524,282,2
1027,525,207,3
1028,525,253,3
1029,525,162,3
1030,526,224,3
1031,526,281,3
1032,526,18,10
1033,527,41,7
1034,527,182,10
1035,528,242,2
1036,528,233,7
1037,529,89,8
1038,530,149,9
1039,530,284,9
1040,531,128,9
1041,532,61,8
1042,532,180,5
1043,532,54,5
1044,533,179,3
1045,533,268,6
1046,534,272,2
1047,534,219,8
1048,535,75,10
1049,535,57,10
1050,536,281,9
1051,537,260,2
1052,537,239,2
1053,538,122,5
1054,539,32,6
1055,540,255,4
1056,540,39,1
1057,540,239,8
1058,541,159,7
1059,541,63,4
1060,541,153,2
1061,542,287,1
1062,543,67,10
1063,544,175,10
1064,544,57,10
1065,544,60,8
1066,545,118,3
1067,545,222,5
1068,546,183,3
1069,547,73,1
1070,547,146,3
1071,548,109,6
1072,548,128,7
1073,548,218,1
1074,549,288,3
1075,550,49,2
1076,550,75,8
1077,551,131,5
1078,551,153,4
1079,552,147,10
1080,553,24,3
1081,554,105,2
1082,554,42,3
1083,555,148,10
1084,556,142,4
1085,556,96,4
1086,556,119,10
1087,557,32,5
1088,557,195,7
1089,557,141,6
1090,558,83,7
1091,558,203,5
1092,558,146,8
1093,559,215,4
1094,559,194,2
1095,560,145,6
1096,560,7,6
1097,561,166,6
1098,561,11,3
1099,561,18,8
1100,562,286,2
1101,562,85,1
1102,562,165,8
1103,563,8,1
1104,563,31,10
1105,564,249,5
1106,565,257,2
1107,565,184,7
1108,565,170,10
1109,566,183,2
1110,566,55,9
1111,566,291,5
1112,567,91,1
1113,568,18,10
1114,568,283,10
1115,569,155,10
1116,569,42,7
1117,570,111,2
1118,571,177,10
1119,571,30,3
1120,572,191,4
1121,572,114,7
1122,573,243,9
1123,574,279,1
1124,575,97,3
1125,575,81,5
1126,575,80,7
1127,576,69,3
1128,577,234,2
1129,578,265,1
1130,579,119,7
1131,579,47,4
1132,579,102,1
1133,580,148,5
1134,581,181,2
1135,581,284,8
1136,582,280,4
1137,582,225,6
1138,583,103,8
1139,583,259,2
1140,583,259,8
1141,584,157,4
1142,584,125,10
1143,584,94,2
1144,585,32,8
1145,586,65,6
1146,587,250,6
1147,587,222,1
1148,588,120,5
1149,588,290,5
1150,588,269,2
1151,589,288,5
1152,589,138,5
1153,590,275,10
1154,591,278,4
1155,592,294,9
1156,593,160,9
1157,593,101,4
1158,593,187,7
1159,594,236,1
1160,594,186,10
1161,594,191,2
1162,595,43,6
1163,595,76,8
1164,596,286,3
1165,596,192,8
1166,596,247,9
1167,597,180,5
1168,597,214,4
1169,598,189,4
1170,598,50,9
1171,598,56,8
1172,599,171,2
1173,599,272,2
1174,599,100,8
1175,600,268,9
1176,600,29,7
1177,601,228,9
1178,601,251,8
1179,602,56,4
1180,602,234,2
1181,602,207,10
1182,603,282,3
1183,604,65,2
1184,605,99,2
1185,605,58,3
1186,605,217,6
1187,606,224,10
1188,606,65,4
1189,606,89,2
1190,607,55,2
1191,608,50,1
1192,609,184,10
1193,610,58,1
1194,610,123,8
1195,610,38,8
1196,611,116,5
1197,611,43,6
1198,611,225,6
1199,612,287,2
1200,612,194,9
1201,613,173,6
1202,613,165,5
1203,614,231,4
1204,614,9,5
1205,615,146,6
1206,615,156,1
1207,615,290,5
1208,616,294,3
1209,616,291,10
1210,617,86,8
1211,617,54,10
1212,618,111,3
1213,619,279,4
1214,619,148,6
1215,620,175,10
1216,620,89,6
1217,621,107,10
1218,621,85,3
1219,622,27,10
1220,622,12,1
1221,623,121,8
1222,624,189,10
1223,625,73,8
1224,626,103,10
1225,627,18,3
1226,627,56,6
1227,627,81,7
1228,628,289,2
1229,628,198,5
1230,629,188,4
1231,629,72,5
1232,630,232,9
1233,631,181,6
1234,631,196,4
1235,632,72,4
1236,633,80,7
1237,634,102,2
1238,635,20,9
1239,636,164,7
1240,637,155,9
1241,638,234,2
1242,638,96,10
1243,639,4,2
1244,639,288,3
1245,639,87,8
1246,640,127,5
1247,640,79,2
1248,641,74,8
1249,641,209,8
1250,642,149,8
1251,642,149,6
1252,643,255,7
1253,644,265,6
1254,645,241,2
1255,645,237,9
1256,646,20,2
1257,647,228,5
1258,648,131,6
1259,649,73,2
1260,649,184,10
1261,649,278,6
1262,650,257,5
1263,650,185,6
1264,650,142,8
1265,651,244,9
1266,651,179,7
1267,652,251,1
1268,652,77,3
1269,652,277,7
1270,653,225,10
1271,653,94,4
1272,653,293,10
1273,654,53,7
1274,654,226,10
1275,654,100,2
1276,655,120,4
1277,656,87,10
1278,656,31,1
1279,656,222,1
1280,657,75,9
1281,657,82,7
1282,658,280,10
1283,658,257,3
1284,658,147,7
1285,659,143,2
1286,659,41,8
1287,659,113,5
1288,660,287,4
1289,661,64,6
1290,661,54,8
1291,662,297,2
1292,662,155,3
1293,662,166,6
1294,663,194,3
1295,663,155,2
1296,664,186,9
1297,664,70,2
1298,664,286,6
1299,665,134,7
1300,665,269,9
1301,665,205,5
1302,666,240,8
1303,666,140,4
1304,667,55,7
1305,668,198,10
1306,668,155,6
1307,669,270,8
1308,670,16,8
1309,671,247,9
1310,671,196,6
1311,672,110,5
1312,672,274,9
1313,672,112,9
1314,673,41,9
1315,674,178,4
1316,674,86,8
1317,674,93,9
1318,675,36,10
1319,675,138,4
1320,676,280,10
1321,676,152,5
1322,676,114,8
1323,677,272,6
1324,677,88,7
1325,677,163,2
1326,678,149,7
1327,679,144,10
1328,679,202,6
1329,679,41,8
1330,680,81,6
1331,680,278,1
1332,680,171,6
1333,681,300,6
1334,681,283,7
1335,682,38,5
1336,682,24,2
1337,682,217,10
1338,683,45,1
1339,683,137,5
1340,683,176,2
1341,684,52,8
1342,685,276,5
1343,685,252,1
1344,685,93,8
1345,686,14,4
1346,686,90,6
1347,686,218,1
1348,687,110,3
1349,688,284,2
1350,689,59,6
1351,689,243,6
1352,689,161,5
1353,690,284,2
1354,691,61,2
1355,691,66,3
1356,691,39,6
1357,692,142,3
1358,693,143,5
1359,693,260,4
1360,694,279,6
1361,695,278,5
1362,696,48,8
1363,696,288,4
1364,697,118,3
1365,697,194,10
1366,697,267,2
1367,698,190,4
1368,699,251,9
1369,699,270,9
1370,699,54,3
1371,700,68,8
1372,700,82,2
1373,700,139,7
1374,701,175,6
1375,701,273,4
1376,701,201,6
1377,702,201,10
1378,702,300,4
1379,702,93,10
1380,703,227,4
1381,704,206,9
1382,704,22,4
1383,705,71,3
1384,705,296,10
1385,706,101,9
1386,707,291,9
1387,708,119,10
1388,709,52,10
1389,709,44,10
1390,710,242,9
1391,710,291,4
1392,711,138,4
1393,712,257,5
1394,712,283,3
1395,713,42,5
1396,714,270,5
1397,714,217,8
1398,715,61,5
1399,716,106,6
1400,716,110,4
1401,717,145,6
1402,718,125,7
1403,718,164,3
1404,718,279,6
1405,719,173,4
1406,719,269,7
1407,719,134,1
1408,720,221,2
1409,720,179,10
1410,721,18,10
1411,722,89,9
1412,722,115,7
1413,722,293,6
1414,723,67,10
1415,723,96,5
1416,723,192,7
1417,724,161,6
1418,725,110,4
1419,725,188,2
1420,725,6,1
1421,726,153,9
1422,726,173,10
1423,727,273,8
1424,727,100,9
1425,728,165,1
1426,728,12,5
1427,729,248,8
1428,730,299,4
1429,731,253,8
1430,732,64,4
1431,733,54,4
1432,733,235,3
1433,733,172,10
1434,734,222,5
1435,734,142,6
1436,734,243,5
1437,735,192,6
1438,736,177,1
1439,737,189,7
1440,737,40,2
1441,738,198,6
1442,739,152,2
1443,739,186,2
1444,740,52,9
1445,741,187,10
1446,741,38,1
1447,742,75,3
1448,742,7,5
1449,743,129,2
1450,743,64,4
1451,743,143,5
1452,744,172,2
1453,744,57,7
1454,745,297,7
1455,746,109,4
1456,746,123,7
1457,746,112,8
1458,747,266,2
1459,747,96,10
1460,747,139,7
1461,748,243,10
1462,748,74,3
1463,749,52,2
1464,749,146,10
1465,750,40,6
1466,751,181,4
1467,751,108,5
1468,751,59,2
1469,752,252,10
1470,752,15,4
1471,753,10,2
1472,753,40,10
1473,753,252,7
1474,754,273,10
1475,755,113,3
1476,756,53,2
1477,756,119,5
1478,757,132,4
1479,757,85,9
1480,758,215,9
1481,758,53,8
1482,759,199,9
1483,759,298,10
1484,760,35,8
1485,760,71,10
1486,761,103,6
1487,761,140,10
1488,762,19,8
1489,762,266,4
1490,763,31,10
1491,763,99,8
1492,764,35,4
1493,765,181,4
1494,766,265,6
1495,766,236,7
1496,766,277,3
1497,767,135,6
1498,767,18,4
1499,767,81,10
1500,768,167,9
1501,769,93,3
1502,770,137,6
1503,770,5,8
1504,771,222,8
1505,771,160,2
1506,772,164,8
1507,772,283,3
1508,772,258,7
1509,773,15,2
1510,773,298,5
1511,774,41,3
1512,774,229,3
1513,775,181,6
1514,775,57,5
1515,775,175,4
1516,776,195,10
1517,777,21,8
1518,777,216,2
1519,777,59,9
1520,778,72,2
1521,779,197,6
1522,780,238,6
1523,781,150,10
1524,781,254,7
1525,781,233,6
1526,782,243,5
1527,782,36,1
1528,782,296,8
1529,783,175,1
1530,784,126,6
1531,784,256,2
1532,784,74,4
1533,785,108,1
1534,785,254,8
1535,786,41,10
1536,786,248,8
1537,787,268,7
1538,788,106,8
1539,788,210,4
1540,789,183,3
1541,789,9,3
1542,790,41,1
1543,790,239,4
1544,790,179,5
1545,791,231,6
1546,791,159,9
1547,791,215,2
1548,792,110,10
1549,792,299,8
1550,792,204,5
1551,793,143,5
1552,793,153,2
1553,793,287,3
1554,794,2,10
1555,794,226,8
1556,794,132,10
1557,795,201,3
1558,796,139,3
1559,797,204,7
1560,797,89,2
1561,797,102,3
1562,798,299,8
1563,798,240,3
1564,798,284,5
1565,799,21,4
1566,800,129,10
1567,800,191,2
1568,800,128,3
1569,801,23,7
1570,801,164,4
1571,801,89,9
1572,802,213,9
1573,802,67,8
1574,803,184,8
1575,803,95,4
1576,804,10,5
1577,805,106,5
1578,805,165,7
1579,805,198,5
1580,806,198,2
1581,807,223,8
1582,807,295,5
1583,808,56,4
1584,808,221,3
1585,808,157,8
1586,809,291,5
1587,810,30,9
1588,811,218,3
1589,811,285,5
1590,811,150,2
1591,812,86,2
1592,812,56,4
1593,813,48,1
1594,814,152,10
1595,814,78,2
1596,815,63,5
1597,815,32,7
1598,815,180,8
1599,816,108,1
1600,816,214,6
1601,817,219,3
1602,817,217,7
1603,818,257,9
1604,819,205,6
1605,820,102,10
1606,820,199,10
1607,821,67,9
1608,821,99,3
1609,822,69,6
1610,822,152,7
1611,823,297,9
1612,823,264,6
1613,824,105,2
1614,825,109,7
1615,825,242,5
1616,826,225,8
1617,826,233,7
1618,826,162,1
1619,827,170,2
1620,827,297,5
1621,827,258,2
1622,828,250,5
1623,828,208,2
1624,828,261,4
1625,829,245,2
1626,829,139,8
1627,830,221,5
1628,831,163,7
1629,832,73,10
1630,832,133,2
1631,832,97,2
1632,833,230,1
1633,833,33,2
1634,834,106,2
1635,835,248,10
1636,835,122,6
1637,835,45,4
1638,836,210,8
1639,837,120,7
1640,837,5,2
1641,837,297,10
1642,838,152,1
1643,838,9,9
1644,839,142,3
1645,839,75,7
1646,839,210,2
1647,840,128,9
1648,840,36,7
1649,840,247,4
1650,841,266,3
1651,841,12,1
1652,842,216,7
1653,842,153,4
1654,842,158,2
1655,843,102,4
1656,844,179,5
1657,845,49,10
1658,845,13,1
1659,845,292,6
1660,846,260,10
1661,846,185,10
1662,847,279,4
1663,848,211,2
1664,848,40,10
1665,849,91,2
1666,849,238,1
1667,849,20,4
1668,850,27,8
1669,850,293,5
1670,851,210,8
1671,851,58,7
1672,852,69,6
1673,852,286,2
1674,852,238,3
1675,853,179,10
1676,853,76,4
1677,854,32,7
1678,855,295,2
1679,855,71,6
1680,855,35,8
1681,856,20,7
1682,857,164,2
1683,857,294,3
1684,858,286,8
1685,858,29,3
1686,859,55,5
1687,860,264,1
1688,860,42,5
1689,861,10,7
1690,862,221,8
1691,862,268,3
1692,862,72,10
1693,863,51,2
1694,864,271,1
1695,864,258,6
1696,865,75,2
1697,865,109,3
1698,865,197,6
1699,866,131,6
1700,866,286,3
1701,866,224,1
1702,867,109,1
1703,867,127,1
1704,867,2,4
1705,868,150,7
1706,869,12,4
1707,870,261,6
1708,871,31,10
1709,872,125,1
1710,872,251,7
1711,872,240,7
1712,873,295,8
1713,873,185,6
1714,873,65,6
1715,874,277,6
1716,875,177,2
1717,876,263,3
1718,876,31,2
1719,877,202,4
1720,877,209,5
1721,878,41,3
1722,878,9,2
1723,879,195,10
1724,879,92,2
1725,880,186,9
1726,881,46,6
1727,881,177,5
1728,881,59,3
1729,882,5,2
1730,882,220,3
1731,883,263,8
1732,884,200,1
1733,884,44,10
1734,885,43,10
1735,886,85,3
1736,887,121,1
1737,888,180,2
1738,888,45,3
1739,888,196,7
1740,889,232,3
1741,889,78,5
1742,889,79,1
1743,890,20,4
1744,890,79,10
1745,891,188,1
1746,892,7,1
1747,892,150,1
1748,893,257,1
1749,893,230,6
1750,894,36,9
1751,894,134,7
1752,895,72,2
1753,895,25,9
1754,896,176,6
1755,896,295,10
1756,896,93,7
1757,897,116,10
1758,898,285,1
1759,898,270,4
1760,898,13,2
1761,899,239,1
1762,899,98,4
1763,900,23,8
1764,900,70,7
1765,901,94,5
1766,901,85,7
1767,902,240,2
1768,902,100,6
1769,902,92,4
1770,903,207,5
1771,904,132,8
1772,905,76,6
1773,905,101,1
1774,906,220,2
1775,907,85,1
1776,907,114,8
1777,907,18,2
1778,908,163,3
1779,908,139,3
1780,908,113,9
1781,909,3,9
1782,910,229,6
1783,910,189,1
1784,910,20,2
1785,911,17,10
1786,911,249,6
1787,911,92,8
1788,912,85,4
1789,912,57,1
1790,913,292,1
1791,913,32,3
1792,914,44,6
1793,914,56,5
1794,915,256,3
1795,915,244,3
1796,916,74,1
1797,917,105,2
1798,917,155,5
1799,918,202,5
1800,918,196,2
1801,918,174,6
1802,919,16,1
1803,919,255,8
1804,920,148,6
1805,920,18,5
1806,921,217,2
1807,921,222,8
1808,921,150,2
1809,922,79,4
1810,923,95,9
1811,923,32,6
1812,923,116,3
1813,924,247,8
1814,924,32,10
1815,925,13,1
1816,925,44,1
1817,925,57,9
1818,926,136,6
1819,926,131,8
1820,926,82,4
1821,927,110,7
1822,928,154,4
1823,928,167,3
1824,928,203,7
1825,929,235,10
1826,929,130,8
1827,930,84,8
1828,930,214,5
1829,931,180,6
1830,932,135,6
1831,933,285,4
1832,934,217,3
1833,934,133,3
1834,934,48,8
1835,935,16,7
1836,935,189,3
1837,935,198,6
1838,936,19,7
1839,937,189,1
1840,937,121,3
1841,937,169,6
1842,938,168,5
1843,939,84,4
1844,940,107,3
1845,940,244,10
1846,941,279,2
1847,941,125,2
1848,942,135,6
1849,942,262,8
1850,943,266,1
1851,943,217,8
1852,944,261,2
1853,944,261,1
1854,944,56,7
1855,945,257,2
1856,945,126,4
1857,945,59,10
1858,946,104,10
1859,947,56,9
1860,948,7,7
1861,949,162,10
1862,949,72,5
1863,950,212,9
1864,950,119,5
1865,950,13,5
1866,951,153,3
1867,951,140,7
1868,952,27,9
1869,953,224,7
1870,953,208,10
1871,954,19,5
1872,954,77,9
1873,954,120,5
1874,955,258,7
1875,955,182,10
1876,956,271,2
1877,956,292,8
1878,957,271,7
1879,958,250,6
1880,958,9,1
1881,958,35,1
1882,959,162,6
1883,959,221,4
1884,959,14,9
1885,960,242,4
1886,961,173,3
1887,961,175,6
1888,961,72,1
1889,962,268,3
1890,962,81,4
1891,963,169,6
1892,963,144,9
1893,964,110,2
1894,964,206,3
1895,965,231,1
1896,965,16,6
1897,965,130,6
1898,966,258,7
1899,966,265,2
1900,966,74,10
1901,967,176,5
1902,967,136,6
1903,967,293,8
1904,968,69,9
1905,968,253,7
1906,969,194,9
1907,969,15,10
1908,970,112,5
1909,971,49,3
1910,971,96,3
1911,972,193,6
1912,972,119,9
1913,972,185,7
1914,973,137,6
1915,973,58,4
1916,973,126,10
1917,974,28,10
1918,975,175,8
1919,975,171,8
1920,975,101,2
1921,976,185,7
1922,976,42,5
1923,977,127,7
1924,978,43,7
1925,979,142,2
1926,979,265,7
1927,980,77,7
1928,980,45,3
1929,980,221,3
1930,981,162,1
1931,982,300,10
1932,982,209,4
1933,982,161,6
1934,983,237,7
1935,983,293,9
1936,984,94,7
1937,984,171,9
1938,984,140,8
1939,985,230,5
1940,986,197,8
1941,986,5,7
1942,987,174,10
1943,988,34,8
1944,989,237,4
1945,990,217,7
1946,991,15,7
1947,991,65,7
1948,992,184,5
1949,992,158,9
1950,992,289,5
1951,993,276,2
1952,994,25,3
1953,995,222,7
1954,995,124,7
1955,996,252,7
1956,996,81,6
1957,996,91,2
1958,997,125,3
1959,997,287,7
1960,998,32,3
1961,998,66,5
1962,998,133,6
1963,999,95,2
1964,1000,80,9
